id	unit	rarity	attribute	range	vignette	cooldown	effects	HP	攻撃	防御	素早さ	賢さ	運	Total
1	=HYPERLINK("https://appmedia.jp/pando-land/77949008", "ジャンヌダルク")	SR	光	近	5	14.8〜14.1秒	非攻撃,攻撃力アップ,デバフ解除,HP継続回復,開始後即使用可能	653	323	465	373	653	515	2982
2	=HYPERLINK("https://appmedia.jp/pando-land/77949011", "シャルロット")	SR	光	遠	2	14.7〜13.6秒	攻撃	601	468	521	571	268	751	3180
3	=HYPERLINK("https://appmedia.jp/pando-land/77949014", "スティーブ")	SR	草	遠	1	9.8〜9.3秒	攻撃,攻撃力ダウン,防御力ダウン,調査ポイントアップ	497	535	408	408	685	547	3080
4	=HYPERLINK("https://appmedia.jp/pando-land/77949017", "メアリー")	SR	草	中	5	9.8〜9.2秒	攻撃	549	457	584	499	457	634	3180
5	=HYPERLINK("https://appmedia.jp/pando-land/77949020", "アーノルド")	SR	岩	遠	3	7.3〜6.7秒	攻撃	531	753	306	653	481	456	3180
6	=HYPERLINK("https://appmedia.jp/pando-land/77949023", "エージェント・F")	SR	闇	遠	1	9.7〜8.8秒	非攻撃,防御力ダウン,運ダウン,気絶	470	592	528	742	478	370	3180
7	=HYPERLINK("https://appmedia.jp/pando-land/77949026", "織田信長")	SR	闇	遠	5	9.8〜9.3秒	攻撃	416	800	374	416	750	424	3180
8	=HYPERLINK("https://appmedia.jp/pando-land/77949029", "お美夜")	SR	闇	中	3	9.7〜8.8秒	攻撃,気絶,敵引き寄せ	531	634	425	734	531	325	3180
9	=HYPERLINK("https://appmedia.jp/pando-land/77949032", "ちさと")	SR	闇	近	5	7.3〜6.4秒	非攻撃,移動	682	378	530	882	328	380	3180
10	=HYPERLINK("https://appmedia.jp/pando-land/77949035", "天龍")	SR	火	遠	3	14.6〜13.2秒	攻撃,HP回復	411	735	444	735	444	411	3180
11	=HYPERLINK("https://appmedia.jp/pando-land/77949038", "ビアンカ")	SR	水	中	4	14.7〜13.7秒	攻撃	407	743	440	540	307	743	3180
12	=HYPERLINK("https://appmedia.jp/pando-land/77949041", "バルバロス")	SR	水	遠	5	7.3〜6.8秒	攻撃,ノックバック	367	592	631	531	542	517	3180
13	=HYPERLINK("https://appmedia.jp/pando-land/77949044", "始皇帝")	SR	火	遠	5	14.7〜13.9秒	攻撃	525	692	373	423	642	525	3180
14	=HYPERLINK("https://appmedia.jp/pando-land/77949047", "諸葛孔明")	SR	火	遠	5	9.9〜9.6秒	非攻撃,攻撃力アップ,防御力アップ,攻撃力ダウン,防御力ダウン,素早さダウン	637	368	535	268	887	485	3180
15	=HYPERLINK("https://appmedia.jp/pando-land/77949050", "妲己")	SR	火	遠	5	14.6〜13.5秒	攻撃,特技封印状態	409	697	484	584	697	309	3180
16	=HYPERLINK("https://appmedia.jp/pando-land/77949053", "孫悟空")	SR	岩	中	5	7.3〜6.6秒	攻撃	515	748	327	748	415	427	3180
17	=HYPERLINK("https://appmedia.jp/pando-land/77949056", "エドワード黒太子")	SR	光	中	4	7.3〜6.8秒	攻撃,攻撃力ダウン,防御力ダウン	362	703	525	525	462	603	3180
18	=HYPERLINK("https://appmedia.jp/pando-land/77949059", "森に住まう少年")	SR	光	近	1	5.8〜5.4秒	攻撃,気絶,開始後即使用可能	527	734	329	634	429	527	3180
19	=HYPERLINK("https://appmedia.jp/pando-land/77949062", "ルー")	SR	光	中	5	9.8〜9.2秒	攻撃,防御力ダウン	425	417	748	475	598	517	3180
20	=HYPERLINK("https://appmedia.jp/pando-land/77949065", "キャサリン")	SR	草	近	5	14.6〜13.5秒	攻撃,移動,毒	693	531	366	593	581	416	3180
21	=HYPERLINK("https://appmedia.jp/pando-land/77949068", "カーネル")	SR	草	遠	1	9.7〜8.9秒	攻撃,攻撃力ダウン,防御力ダウン,素早さダウン	358	794	438	644	358	588	3180
22	=HYPERLINK("https://appmedia.jp/pando-land/77949071", "エメット")	SR	闇	遠	4	9.8〜9.2秒	攻撃,気絶,睡眠,毒	372	730	438	488	680	422	3130
23	=HYPERLINK("https://appmedia.jp/pando-land/77949074", "悪魔巫女")	SR	闇	遠	3	9.8〜9.1秒	非攻撃,攻撃力ダウン,防御力ダウン,賢さダウン,特技封印状態	634	533	422	533	634	422	3178
24	=HYPERLINK("https://appmedia.jp/pando-land/77949077", "徳川家康")	SR	火	中	5	14.8〜14.2秒	非攻撃,状態異常解除,HP継続回復	733	305	551	305	633	651	3178
25	=HYPERLINK("https://appmedia.jp/pando-land/77949080", "名無しの妖怪狩り")	SR	火	中	1	9.8〜9.1秒	攻撃	473	803	314	523	414	653	3180
26	=HYPERLINK("https://appmedia.jp/pando-land/77949083", "レイチェル")	SR	水	近	4	14.8〜14.1秒	非攻撃,賢さアップ,運アップ,HP回復	638	420	533	370	583	638	3182
27	=HYPERLINK("https://appmedia.jp/pando-land/77949086", "ウィリアム")	SR	水	遠	3	9.8〜9.0秒	非攻撃,防御力ダウン,素早さダウン,睡眠	601	528	462	601	528	462	3182
28	=HYPERLINK("https://appmedia.jp/pando-land/77949089", "氷炎の悪魔")	SR	岩	中	2	14.7〜13.7秒	攻撃,防御力ダウン,攻撃力ダウン	509	535	546	535	546	509	3180
29	=HYPERLINK("https://appmedia.jp/pando-land/77949092", "胡蝶")	SR	闇	遠	4	9.8〜9.1秒	攻撃,防御力ダウン,運ダウン,毒	635	421	535	535	535	521	3182
30	=HYPERLINK("https://appmedia.jp/pando-land/77949095", "ぽん子")	SR	岩	近	4	9.8〜9.1秒	非攻撃,攻撃力アップ,運アップ,開始後即使用可能	697	411	482	532	411	647	3180
31	=HYPERLINK("https://appmedia.jp/pando-land/77949098", "シスター・アンジェラ")	SR	光	遠	4	14.7〜13.9秒	非攻撃,HP回復	602	479	509	429	602	559	3180
32	=HYPERLINK("https://appmedia.jp/pando-land/77949101", "メリエム")	SR	草	遠	3	9.8〜9.0秒	非攻撃,防御力ダウン,敵引き寄せ	491	686	414	586	464	541	3182
33	=HYPERLINK("https://appmedia.jp/pando-land/77949104", "悪魔狼")	SR	闇	近	5	9.7〜8.9秒	攻撃,HP回復	471	639	480	639	480	471	3180
34	=HYPERLINK("https://appmedia.jp/pando-land/77949107", "キングドラゴン")	R	光	中	5	4.9〜4.6秒	攻撃	520	673	367	523	520	517	3120
35	=HYPERLINK("https://appmedia.jp/pando-land/77949110", "ケンタウロス")	R	光	中	4	7.3〜6.6秒	攻撃,気絶	458	684	418	734	268	558	3120
36	=HYPERLINK("https://appmedia.jp/pando-land/77949113", "トロル")	R	水	近	4	9.8〜9.1秒	非攻撃,防御力アップ	502	540	518	540	518	502	3120
37	=HYPERLINK("https://appmedia.jp/pando-land/77949116", "マシンドラゴン")	R	光	遠	3	9.8〜9.3秒	攻撃	359	419	782	409	682	469	3120
38	=HYPERLINK("https://appmedia.jp/pando-land/77949119", "ゾンビドラゴン")	R	光	遠	4	19.7〜18.8秒	攻撃,毒	736	517	307	357	517	686	3120
39	=HYPERLINK("https://appmedia.jp/pando-land/77949122", "エリート騎士")	R	光	中	5	9.8〜9.3秒	攻撃,攻撃力アップ	544	520	395	445	594	620	3118
40	=HYPERLINK("https://appmedia.jp/pando-land/77949125", "好戦的な戦士")	R	光	中	2	14.6〜13.2秒	攻撃,移動,攻撃力アップ,防御力ダウン,開始後即使用可能	412	630	518	730	212	618	3120
41	=HYPERLINK("https://appmedia.jp/pando-land/77949128", "人食い植物")	R	草	近	3	9.8〜9.3秒	攻撃,毒	351	692	418	401	518	742	3122
42	=HYPERLINK("https://appmedia.jp/pando-land/77949131", "遺跡探検家")	R	草	中	3	4.9〜4.7秒	攻撃,開始後即使用可能	584	364	513	413	834	414	3122
43	=HYPERLINK("https://appmedia.jp/pando-land/77949134", "カウボーイ")	R	岩	遠	4	5.9〜5.6秒	攻撃,開始後即使用可能	463	736	361	413	411	736	3120
44	=HYPERLINK("https://appmedia.jp/pando-land/77949137", "保安官")	R	岩	遠	4	7.4〜7.0秒	攻撃,開始後即使用可能	454	640	465	404	640	515	3118
45	=HYPERLINK("https://appmedia.jp/pando-land/77949140", "ホラーマン")	R	草	中	1	14.8〜14.2秒	攻撃	359	790	312	312	640	609	3022
46	=HYPERLINK("https://appmedia.jp/pando-land/77949143", "UFO")	R	闇	遠	5	9.8〜9.1秒	非攻撃,気絶,敵引き寄せ	479	357	723	529	623	407	3118
47	=HYPERLINK("https://appmedia.jp/pando-land/77949146", "ピエロ")	R	草	近	3	7.3〜6.7秒	攻撃,移動,気絶	521	583	456	633	521	406	3120
48	=HYPERLINK("https://appmedia.jp/pando-land/77949149", "白騎馬")	R	闇	近	3	7.8〜7.0秒	非攻撃,移動,素早さアップ,通常攻撃頻度アップ	420	583	458	783	420	458	3122
49	=HYPERLINK("https://appmedia.jp/pando-land/77949152", "陰陽師")	R	闇	遠	4	9.9〜9.6秒	攻撃,防御力ダウン	695	413	452	263	502	795	3120
50	=HYPERLINK("https://appmedia.jp/pando-land/77949155", "侍")	R	火	中	4	6.9〜6.4秒	攻撃,移動	401	731	428	531	528	501	3120
51	=HYPERLINK("https://appmedia.jp/pando-land/77949158", "鬼将軍")	R	火	中	5	9.9〜9.4秒	攻撃,開始後即使用可能	412	409	739	362	509	689	3120
52	=HYPERLINK("https://appmedia.jp/pando-land/77949161", "天狗")	R	闇	遠	4	9.8〜8.9秒	攻撃,敵引き寄せ	643	354	564	643	404	514	3122
53	=HYPERLINK("https://appmedia.jp/pando-land/77949164", "がしゃ髑髏")	R	火	近	4	9.8〜9.2秒	攻撃,移動,毒	637	359	564	459	514	587	3120
54	=HYPERLINK("https://appmedia.jp/pando-land/77949167", "炎の悪魔")	R	火	中	2	7.3〜6.8秒	攻撃,防御力ダウン	576	634	349	534	526	499	3118
55	=HYPERLINK("https://appmedia.jp/pando-land/77949170", "氷の悪魔")	R	水	中	2	14.7〜13.7秒	非攻撃,ダメージ軽減	355	632	573	532	523	505	3120
56	=HYPERLINK("https://appmedia.jp/pando-land/77949173", "大魔術師")	R	火	遠	4	9.9〜9.5秒	攻撃	573	455	532	305	773	482	3120
57	=HYPERLINK("https://appmedia.jp/pando-land/77949176", "歌舞伎役者")	R	闇	近	5	9.8〜9.1秒	非攻撃,攻撃力アップ,素早さアップ	315	722	523	523	265	772	3120
58	=HYPERLINK("https://appmedia.jp/pando-land/77949179", "インベーダー")	R	闇	遠	4	4.9〜4.6秒	攻撃	520	638	402	470	688	402	3120
59	=HYPERLINK("https://appmedia.jp/pando-land/77949182", "ガイコツの武将")	R	岩	中	5	7.4〜7.2秒	攻撃	397	725	438	247	638	675	3120
60	=HYPERLINK("https://appmedia.jp/pando-land/77949185", "カンフータイガー")	R	岩	近	1	7.3〜6.8秒	攻撃,通常攻撃頻度アップ	361	734	465	584	461	515	3120
61	=HYPERLINK("https://appmedia.jp/pando-land/77949188", "巨大イグアナ")	R	草	近	4	4.9〜4.7秒	攻撃,移動,ノックバック	692	366	502	416	592	552	3120
62	=HYPERLINK("https://appmedia.jp/pando-land/77949191", "フェアリー")	R	水	遠	4	14.7〜13.9秒	非攻撃,デバフ解除,HP回復	635	315	310	460	515	885	3120
63	=HYPERLINK("https://appmedia.jp/pando-land/77949194", "狼人間")	R	草	近	4	14.6〜13.4秒	攻撃,攻撃引き受け,攻撃力ダウン	776	355	429	626	529	405	3120
64	=HYPERLINK("https://appmedia.jp/pando-land/77949197", "ペガサス")	R	草	近	3	7.4〜6.9秒	攻撃,移動,HP回復	419	529	362	519	579	512	2920
65	=HYPERLINK("https://appmedia.jp/pando-land/77949200", "ドラゴン")	R	光	近	4	9.8〜9.2秒	攻撃,移動,開始後即使用可能	467	481	462	462	781	467	3120
66	=HYPERLINK("https://appmedia.jp/pando-land/77949203", "ゴブリンライダー")	R	岩	中	5	4.9〜4.4秒	攻撃,移動,ノックバック	440	772	348	772	248	540	3120
67	=HYPERLINK("https://appmedia.jp/pando-land/77949206", "騎馬武者")	R	闇	中	3	9.7〜8.8秒	攻撃,移動	410	733	417	733	417	410	3120
68	=HYPERLINK("https://appmedia.jp/pando-land/77949209", "復讐に燃える男")	R	闇	遠	4	4.9〜4.5秒	攻撃,開始後即使用可能	428	779	354	578	679	304	3122
69	=HYPERLINK("https://appmedia.jp/pando-land/77949212", "ハロウィンマン")	R	草	近	4	9.8〜9.0秒	非攻撃,攻撃力アップ,防御力アップ,素早さアップ	588	446	525	588	575	396	3118
70	=HYPERLINK("https://appmedia.jp/pando-land/77949215", "ひのとり")	R	火	遠	4	19.6〜18.1秒	非攻撃,HP継続回復,HP回復	785	303	472	585	453	522	3120
71	=HYPERLINK("https://appmedia.jp/pando-land/77949218", "アンモナイト")	R	水	近	4	14.8〜14.0秒	非攻撃,攻撃引き受け,防御力ダウン	424	297	839	397	589	574	3120
72	=HYPERLINK("https://appmedia.jp/pando-land/77949221", "マンボウ")	R	水	近	3	9.8〜9.0秒	攻撃,移動	401	442	417	617	301	792	2970
73	=HYPERLINK("https://appmedia.jp/pando-land/77949224", "仮面の戦士")	R	草	中	4	7.3〜6.7秒	攻撃,HP回復	692	403	465	642	303	615	3120
74	=HYPERLINK("https://appmedia.jp/pando-land/77949227", "屍武将")	R	岩	中	5	4.9〜4.7秒	攻撃,攻撃力ダウン	400	467	693	400	693	467	3120
75	=HYPERLINK("https://appmedia.jp/pando-land/77949230", "ネッシー")	R	水	近	3	9.8〜9.1秒	攻撃,ノックバック	577	345	488	527	538	445	2920
76	=HYPERLINK("https://appmedia.jp/pando-land/77949233", "ゴーレム")	R	岩	近	3	9.9〜9.5秒	攻撃,気絶	412	517	631	312	417	631	2920
77	=HYPERLINK("https://appmedia.jp/pando-land/77949236", "女海賊")	R	水	中	4	9.8〜9.2秒	攻撃,調査ポイントアップ	587	415	508	465	637	508	3120
78	=HYPERLINK("https://appmedia.jp/pando-land/77949239", "修理工少女")	R	水	中	3	9.8〜9.3秒	攻撃,移動,開始後即使用可能	455	476	628	405	678	476	3118
79	=HYPERLINK("https://appmedia.jp/pando-land/77949242", "バイキングレディ")	R	水	中	3	9.8〜9.1秒	攻撃,移動	411	524	624	524	411	624	3118
80	=HYPERLINK("https://appmedia.jp/pando-land/77949245", "カンフーレディ")	R	岩	近	2	9.8〜9.0秒	攻撃,ノックバック	361	630	569	630	411	519	3120
81	=HYPERLINK("https://appmedia.jp/pando-land/77949248", "槍戦士")	UC	光	中	3	7.3〜6.8秒	攻撃,防御力ダウン	403	728	399	578	453	499	3060
82	=HYPERLINK("https://appmedia.jp/pando-land/77949251", "重戦士")	UC	光	中	3	7.9〜7.5秒	攻撃,攻撃力ダウン,開始後即使用可能	524	288	718	338	618	574	3060
83	=HYPERLINK("https://appmedia.jp/pando-land/77949254", "リトルファイアドラゴン")	UC	光	遠	3	4.9〜4.4秒	攻撃	401	480	399	780	499	501	3060
84	=HYPERLINK("https://appmedia.jp/pando-land/77949257", "フロッグウィッチ")	UC	水	遠	3	9.9〜9.4秒	攻撃,睡眠	515	468	447	347	715	568	3060
85	=HYPERLINK("https://appmedia.jp/pando-land/77949260", "兵士犬")	UC	光	近	3	9.9〜9.3秒	攻撃,防御力ダウン	400	420	611	400	520	711	3062
86	=HYPERLINK("https://appmedia.jp/pando-land/77949263", "鎧馬")	UC	岩	近	3	7.8〜7.0秒	非攻撃,移動,素早さアップ,通常攻撃頻度アップ	676	343	511	726	411	393	3060
87	=HYPERLINK("https://appmedia.jp/pando-land/77949266", "ガイコツ船長")	UC	水	中	5	9.8〜9.2秒	攻撃	404	564	462	462	614	404	2910
88	=HYPERLINK("https://appmedia.jp/pando-land/77949269", "先住民族")	UC	草	中	4	4.9〜4.5秒	攻撃,攻撃力アップ	670	517	344	620	294	617	3062
89	=HYPERLINK("https://appmedia.jp/pando-land/77949272", "トラ")	UC	光	近	3	4.9〜4.4秒	攻撃,素早さダウン	516	714	300	664	350	516	3060
90	=HYPERLINK("https://appmedia.jp/pando-land/77949278", "グリズリー")	UC	草	近	3	7.3〜6.7秒	攻撃,移動,気絶	712	482	336	612	386	532	3060
91	=HYPERLINK("https://appmedia.jp/pando-land/77949281", "ハクトウワシ")	UC	岩	遠	3	9.8〜8.9秒	攻撃,敵引き寄せ	316	529	235	679	516	335	2610
92	=HYPERLINK("https://appmedia.jp/pando-land/77949284", "愛を叫ぶ男")	UC	草	近	2	7.4〜7.0秒	攻撃	617	336	577	386	527	617	3060
93	=HYPERLINK("https://appmedia.jp/pando-land/77949287", "平和を叫ぶ女")	UC	草	近	3	9.9〜9.3秒	非攻撃,HP回復	597	308	625	408	575	547	3060
94	=HYPERLINK("https://appmedia.jp/pando-land/77949290", "バイソン")	UC	岩	近	5	4.9〜4.5秒	攻撃,移動,ノックバック	575	666	290	616	290	625	3062
95	=HYPERLINK("https://appmedia.jp/pando-land/77949293", "槍使いの雑兵")	UC	火	中	3	7.4〜7.0秒	攻撃,防御力ダウン	349	612	569	399	519	612	3060
96	=HYPERLINK("https://appmedia.jp/pando-land/77949296", "弓使いの足軽")	UC	火	中	4	7.3〜6.7秒	攻撃	563	624	344	624	463	444	3062
97	=HYPERLINK("https://appmedia.jp/pando-land/77949299", "カッパ")	UC	水	近	3	4.9〜4.5秒	攻撃	503	513	513	563	453	513	3058
98	=HYPERLINK("https://appmedia.jp/pando-land/77949302", "唐傘おばけ")	UC	闇	近	3	14.7〜13.5秒	攻撃,防御力アップ	518	345	667	617	518	395	3060
99	=HYPERLINK("https://appmedia.jp/pando-land/77949305", "提灯おばけ")	UC	火	中	5	7.4〜7.0秒	移動,攻撃,気絶	516	576	438	388	626	516	3060
100	=HYPERLINK("https://appmedia.jp/pando-land/77949308", "ニホンオオカミ")	UC	岩	近	1	9.8〜8.9秒	攻撃,防御力ダウン	257	721	403	671	503	507	3062
101	=HYPERLINK("https://appmedia.jp/pando-land/77949311", "髑髏武者")	UC	闇	中	3	9.8〜9.2秒	攻撃,ノックバック	409	783	338	459	438	633	3060
102	=HYPERLINK("https://appmedia.jp/pando-land/77949314", "ガーゴイル")	UC	岩	近	3	6.9〜6.3秒	非攻撃,攻撃力アップ	308	443	779	579	408	543	3060
103	=HYPERLINK("https://appmedia.jp/pando-land/77949317", "スライム")	UC	草	近	3	4.9〜4.6秒	攻撃	575	407	398	457	398	525	2760
104	=HYPERLINK("https://appmedia.jp/pando-land/77949320", "半魚人")	UC	水	中	3	4.9〜4.7秒	攻撃,攻撃力アップ	357	679	494	407	629	494	3060
105	=HYPERLINK("https://appmedia.jp/pando-land/77949323", "虚無僧")	UC	闇	遠	5	14.8〜14.2秒	非攻撃,HP回復,デバフ解除	564	386	580	336	414	780	3060
106	=HYPERLINK("https://appmedia.jp/pando-land/77949326", "カメ")	UC	水	近	3	7.4〜7.1秒	攻撃,攻撃力ダウン	459	301	770	301	559	670	3060
107	=HYPERLINK("https://appmedia.jp/pando-land/77949329", "メットバード")	UC	岩	遠	3	9.8〜9.3秒	攻撃	244	502	684	444	502	584	2960
108	=HYPERLINK("https://appmedia.jp/pando-land/77949332", "キングロブスター")	UC	水	近	5	7.4〜7.1秒	攻撃,移動	394	624	512	344	774	412	3060
109	=HYPERLINK("https://appmedia.jp/pando-land/77949335", "オウム")	UC	草	遠	3	9.8〜9.1秒	攻撃	584	356	491	541	784	306	3062
110	=HYPERLINK("https://appmedia.jp/pando-land/77949338", "忍者")	UC	闇	遠	3	9.8〜8.9秒	攻撃,調査ポイントアップ,開始後即使用可能	531	561	339	661	581	389	3062
111	=HYPERLINK("https://appmedia.jp/pando-land/77949341", "イノシシ")	UC	岩	近	3	7.3〜6.7秒	攻撃,移動,デバフ解除	291	629	411	629	291	511	2762
112	=HYPERLINK("https://appmedia.jp/pando-land/77949344", "サメ")	UC	水	近	3	4.9〜4.5秒	攻撃,HP回復	444	678	408	628	408	494	3060
113	=HYPERLINK("https://appmedia.jp/pando-land/77949347", "TAXI")	UC	岩	近	5	7.3〜6.4秒	攻撃,移動	497	624	409	874	347	309	3060
114	=HYPERLINK("https://appmedia.jp/pando-land/77949350", "リトルワイバーン")	UC	光	遠	3	4.9〜4.5秒	攻撃,開始後即使用可能	455	680	395	630	395	505	3060
115	=HYPERLINK("https://appmedia.jp/pando-land/77949353", "ハニワ騎兵")	UC	岩	中	5	7.8〜7.1秒	非攻撃,移動,素早さアップ,通常攻撃頻度アップ	461	403	665	665	511	353	3058
116	=HYPERLINK("https://appmedia.jp/pando-land/77949356", "牧場のおじいさん")	UC	草	中	5	14.8〜14.0秒	非攻撃,HP継続回復	612	386	531	386	531	612	3058
117	=HYPERLINK("https://appmedia.jp/pando-land/77949359", "スケボー少年")	UC	草	近	3	7.8〜7.1秒	非攻撃,移動,素早さアップ,通常攻撃頻度アップ	567	509	454	667	404	459	3060
118	=HYPERLINK("https://appmedia.jp/pando-land/77949362", "トゲウツボ")	UC	水	近	3	7.3〜6.6秒	攻撃,攻撃力ダウン	346	671	412	721	396	512	3058
119	=HYPERLINK("https://appmedia.jp/pando-land/77949365", "江戸猫")	UC	闇	近	3	5.9〜5.3秒	攻撃,移動,調査ポイントアップ	501	303	576	676	601	303	2960
120	=HYPERLINK("https://appmedia.jp/pando-land/77949368", "キリン")	UC	草	近	4	7.9〜7.5秒	攻撃,攻撃力ダウン,開始後即使用可能	526	665	339	389	615	526	3060
121	=HYPERLINK("https://appmedia.jp/pando-land/77949371", "ヒゲ面の海賊")	UC	水	遠	3	5.9〜5.4秒	攻撃,気絶	389	711	431	611	339	581	3062
122	=HYPERLINK("https://appmedia.jp/pando-land/77949374", "ナゾノヒト")	UC	闇	近	3	14.8〜14.0秒	非攻撃,攻撃引き受け,防御力アップ	575	131	402	402	502	625	2637
123	=HYPERLINK("https://appmedia.jp/pando-land/77949377", "ナゾノケモノ")	UC	闇	近	3	4.9〜4.5秒	攻撃,HP回復	412	565	132	615	403	512	2639
124	=HYPERLINK("https://appmedia.jp/pando-land/77949380", "ナゾノトリ")	UC	闇	遠	3	9.7〜8.7秒	攻撃	159	356	467	767	456	407	2612
125	=HYPERLINK("https://appmedia.jp/pando-land/77949383", "ナゾノトカゲ")	UC	闇	近	3	9.8〜9.1秒	攻撃,気絶	286	671	135	524	385	621	2622
126	=HYPERLINK("https://appmedia.jp/pando-land/77949386", "ゴブリン")	C	光	中	3	4.9〜4.6秒	攻撃,気絶	426	571	504	521	504	476	3002
127	=HYPERLINK("https://appmedia.jp/pando-land/77949389", "ゴブリンファット")	C	光	中	3	14.8〜14.2秒	攻撃,攻撃引き受け,攻撃力ダウン	662	507	381	331	407	662	2950
128	=HYPERLINK("https://appmedia.jp/pando-land/77949392", "ゴブリントール")	C	光	中	5	9.8〜9.0秒	攻撃,移動,気絶	326	369	405	619	705	476	2900
129	=HYPERLINK("https://appmedia.jp/pando-land/77949395", "自暴自棄の傭兵")	C	光	中	1	9.8〜9.1秒	攻撃	246	661	594	511	494	496	3002
130	=HYPERLINK("https://appmedia.jp/pando-land/77949398", "自暴自棄の弓兵")	C	光	遠	1	7.4〜6.9秒	攻撃	278	667	555	517	505	478	3000
131	=HYPERLINK("https://appmedia.jp/pando-land/77949401", "クモ")	C	草	遠	3	14.8〜13.8秒	攻撃,行動遅延	284	615	302	484	715	602	3002
132	=HYPERLINK("https://appmedia.jp/pando-land/77949404", "コウモリ")	C	岩	近	5	9.8〜8.8秒	攻撃,防御力ダウン	509	564	427	714	409	377	3000
133	=HYPERLINK("https://appmedia.jp/pando-land/77949407", "ガイコツ船員")	C	水	遠	1	4.9〜4.6秒	攻撃	379	662	459	509	329	662	3000
134	=HYPERLINK("https://appmedia.jp/pando-land/77949410", "ゾウ")	C	光	近	4	7.4〜7.2秒	攻撃	762	246	492	246	512	492	2750
135	=HYPERLINK("https://appmedia.jp/pando-land/77949413", "ヘビ")	C	岩	近	3	9.8〜9.0秒	攻撃,毒	395	672	333	622	383	595	3000
136	=HYPERLINK("https://appmedia.jp/pando-land/77949416", "遭難者")	C	草	中	1	7.4〜7.0秒	攻撃	702	336	462	412	336	752	3000
137	=HYPERLINK("https://appmedia.jp/pando-land/77949419", "海賊船員")	C	水	中	3	9.8〜8.9秒	攻撃	277	560	613	663	327	560	3000
138	=HYPERLINK("https://appmedia.jp/pando-land/77949422", "ゾンビの少年")	C	草	近	4	9.9〜9.5秒	攻撃,移動,毒	675	544	281	281	625	594	3000
139	=HYPERLINK("https://appmedia.jp/pando-land/77949425", "ゾンビの少女")	C	草	近	5	9.9〜9.5秒	非攻撃,攻撃力ダウン	668	541	291	291	618	591	3000
140	=HYPERLINK("https://appmedia.jp/pando-land/77949428", "ゾンビの犬")	C	草	近	3	4.9〜4.5秒	攻撃	725	397	378	575	497	428	3000
141	=HYPERLINK("https://appmedia.jp/pando-land/77949431", "ドールシープ")	C	草	近	3	6.8〜6.2秒	非攻撃,HP回復,運アップ,攻撃力アップ,防御力アップ	569	430	501	669	380	451	3000
142	=HYPERLINK("https://appmedia.jp/pando-land/77949434", "小鬼")	C	岩	中	3	4.9〜4.5秒	攻撃,気絶	375	556	568	656	225	618	2998
143	=HYPERLINK("https://appmedia.jp/pando-land/77949437", "ヒトダマ")	C	火	中	5	9.9〜9.4秒	攻撃	489	564	447	389	397	714	3000
144	=HYPERLINK("https://appmedia.jp/pando-land/77949440", "キツネ")	C	闇	近	3	4.9〜4.5秒	攻撃,気絶	389	417	394	617	594	589	3000
145	=HYPERLINK("https://appmedia.jp/pando-land/77949443", "タヌキ")	C	闇	近	3	14.8〜13.9秒	非攻撃,攻撃引き受け,防御力アップ	704	182	514	432	654	514	3000
146	=HYPERLINK("https://appmedia.jp/pando-land/77949446", "カエル")	C	水	近	4	4.9〜4.6秒	攻撃	555	381	464	464	431	705	3000
147	=HYPERLINK("https://appmedia.jp/pando-land/77949449", "トカゲ")	C	闇	近	3	9.7〜8.7秒	非攻撃,HP回復,攻撃力アップ,防御力アップ	446	452	502	802	402	396	3000
148	=HYPERLINK("https://appmedia.jp/pando-land/77949452", "ピラニア")	C	水	近	5	4.9〜4.4秒	攻撃,素早さダウン	297	710	393	710	397	493	3000
149	=HYPERLINK("https://appmedia.jp/pando-land/77949455", "ミイラ男")	C	岩	近	4	6.9〜6.6秒	攻撃,移動,素早さダウン	426	565	508	326	558	615	2998
150	=HYPERLINK("https://appmedia.jp/pando-land/77949458", "タコ")	C	水	中	4	7.4〜6.9秒	攻撃,素早さダウン	611	395	494	445	561	494	3000
151	=HYPERLINK("https://appmedia.jp/pando-land/77949461", "クラゲ")	C	水	近	5	9.9〜9.4秒	攻撃,気絶,移動	296	651	452	346	601	502	2848
152	=HYPERLINK("https://appmedia.jp/pando-land/77949464", "フグ")	C	水	近	3	9.9〜9.4秒	攻撃,毒,移動	445	617	288	388	445	517	2700
153	=HYPERLINK("https://appmedia.jp/pando-land/77949467", "カラス")	C	岩	近	3	5.9〜5.4秒	攻撃,移動,調査ポイントアップ	476	509	515	559	565	376	3000
154	=HYPERLINK("https://appmedia.jp/pando-land/77949470", "ウシ")	C	草	近	3	7.4〜6.9秒	攻撃	568	379	552	518	379	602	2998
155	=HYPERLINK("https://appmedia.jp/pando-land/77949473", "ネズミ")	C	岩	近	5	4.9〜4.4秒	攻撃,移動,攻撃力アップ	326	517	357	717	557	526	3000
156	=HYPERLINK("https://appmedia.jp/pando-land/77949476", "カブトムシ")	C	光	近	3	5.0〜4.8秒	攻撃,移動	281	514	505	281	555	714	2850
157	=HYPERLINK("https://appmedia.jp/pando-land/77949479", "蝶")	C	草	中	3	14.8〜14.0秒	非攻撃,HP回復	335	474	341	385	624	491	2650
158	=HYPERLINK("https://appmedia.jp/pando-land/77949482", "ニワトリ")	C	草	近	1	11.8〜10.8秒	非攻撃,HP回復,HP継続回復	515	437	398	615	398	487	2850
159	=HYPERLINK("https://appmedia.jp/pando-land/77949485", "ハニワ兵")	C	岩	中	3	17.7〜16.7秒	攻撃,移動	400	249	751	450	701	449	3000
160	=HYPERLINK("https://appmedia.jp/pando-land/77949488", "蜂")	C	草	近	5	9.8〜9.0秒	攻撃,毒	327	573	450	623	450	427	2850
161	=HYPERLINK("https://appmedia.jp/pando-land/77949491", "鹿")	C	闇	近	3	4.9〜4.7秒	攻撃,移動	433	462	455	355	662	333	2700
162	=HYPERLINK("https://appmedia.jp/pando-land/77949494", "ソリティ馬くん")	SR	草	近	4	7.3〜6.7秒	非攻撃,移動,素早さアップ,賢さアップ	512	546	532	646	582	362	3180
163	=HYPERLINK("https://appmedia.jp/pando-land/77980202", "初音ミクV4X")	SR	草	遠	5	14.7〜13.6秒	非攻撃,HP継続回復,攻撃力アップ,防御力アップ	651	430	509	551	509	530	3180
164	=HYPERLINK("https://appmedia.jp/pando-land/77966720", "ガチャピン")	R	草	近	5	14.6〜13.2秒	非攻撃,移動,攻撃力アップ	454	471	486	721	454	536	3122
165	=HYPERLINK("https://appmedia.jp/pando-land/77955059", "ペンギン")	C	水	近	5	4.9〜4.5秒	非攻撃,移動	575	249	496	625	446	429	2820
166	=HYPERLINK("https://appmedia.jp/pando-land/77955047", "ビッグフット")	R	水	近	4	7.3〜6.8秒	攻撃	634	624	302	534	302	724	3120
167	=HYPERLINK("https://appmedia.jp/pando-land/77954975", "アリサ")	SR	光	遠	5	9.8〜9.1秒	攻撃,気絶,睡眠,特技封印状態,毒	424	639	527	527	424	639	3180
168	=HYPERLINK("https://appmedia.jp/pando-land/77954993", "カーバンクル")	SR	光	遠	3	14.6〜13.4秒	非攻撃,HP回復,運アップ	540	440	410	640	410	540	2980
169	=HYPERLINK("https://appmedia.jp/pando-land/77965871", "ソフィア")	SR	草	近	5	7.3〜6.8秒	攻撃,移動	521	544	525	544	525	521	3180
170	=HYPERLINK("https://appmedia.jp/pando-land/77965898", "ダイナミック★ジェーン")	SR	水	遠	4	14.7〜13.6秒	攻撃,攻撃力アップ	652	473	465	552	523	515	3180
171	=HYPERLINK("https://appmedia.jp/pando-land/77976944", "エヴァ")	SR	水	中	1	4.9〜4.4秒	攻撃	411	735	444	735	444	411	3180
172	=HYPERLINK("https://appmedia.jp/pando-land/77965982", "照らす男")	R	草	近	2	7.4〜6.9秒	攻撃	629	464	467	464	467	629	3120
173	=HYPERLINK("https://appmedia.jp/pando-land/77966036", "みならい船員")	UC	草	中	3	9.8〜9.2秒	非攻撃,賢さアップ,防御力アップ,素早さアップ	584	440	506	456	634	440	3060
174	=HYPERLINK("https://appmedia.jp/pando-land/77966051", "ムチ使いの海賊")	UC	草	中	2	7.3〜6.8秒	攻撃,素早さダウン	438	578	514	528	514	488	3060
175	=HYPERLINK("https://appmedia.jp/pando-land/77977007", "番人カエル")	R	水	近	2	7.4〜6.9秒	攻撃	616	352	692	466	452	542	3120
176	=HYPERLINK("https://appmedia.jp/pando-land/77977103", "ケイト")	SR	水	中	3	9.8〜9.1秒	攻撃,特技封印状態	654	470	466	554	520	516	3180
177	=HYPERLINK("https://appmedia.jp/pando-land/77991869", "ハオハオ")	SR	岩	中	4	9.8〜9.1秒	攻撃,HP回復	698	366	426	526	366	798	3180
178	=HYPERLINK("https://appmedia.jp/pando-land/77993066", "ルビー")	SR	火	中	5	14.7〜14.0秒	非攻撃,攻撃引き受け,防御力アップ,開始後即使用可能	541	362	688	412	638	541	3182
179	=HYPERLINK("https://appmedia.jp/pando-land/77992151", "エミリー")	SR	火	遠	4	14.7〜14.0秒	攻撃,ノックバック,攻撃力アップ,防御力アップ,運アップ	550	436	488	388	489	589	2940
180	=HYPERLINK("https://appmedia.jp/pando-land/77991893", "テンライ")	SR	火	近	3	14.7〜13.6秒	攻撃	489	620	330	575	375	489	2878
181	=HYPERLINK("https://appmedia.jp/pando-land/77992778", "カメ老師")	R	火	近	2	14.8〜14.1秒	攻撃	286	617	507	376	617	417	2820
182	=HYPERLINK("https://appmedia.jp/pando-land/77991905", "力自慢の戦士")	R	岩	中	2	14.7〜13.8秒	攻撃,移動	377	619	414	484	377	459	2730
183	=HYPERLINK("https://appmedia.jp/pando-land/77991980", "木人ロボ")	UC	岩	近	1	14.8〜14.1秒	非攻撃,攻撃引き受け	457	231	602	367	366	467	2490
184	=HYPERLINK("https://appmedia.jp/pando-land/77991998", "魔弾のガイコツ船長")	UC	岩	遠	4	5.9〜5.6秒	攻撃,開始後即使用可能	370	424	316	415	514	406	2445
185	=HYPERLINK("https://appmedia.jp/pando-land/77992853", "バルタン星人")	R	火	近	4	14.8〜14.1秒	攻撃	380	365	530	380	575	455	2685
186	=HYPERLINK("https://appmedia.jp/pando-land/78027137", "ドラえもん")	SR	草	中	5	4.9〜4.7秒	攻撃	411	697	482	411	647	532	3180
187	=HYPERLINK("https://appmedia.jp/pando-land/78027407", "ドラミちゃん")	SR	草	中	4	9.8〜9.4秒	攻撃,攻撃力アップ,賢さアップ	647	480	463	363	697	530	3180
188	=HYPERLINK("https://appmedia.jp/pando-land/78027215", "パーマン")	SR	岩	近	4	9.8〜9.0秒	攻撃,気絶	371	582	397	582	442	416	2790
189	=HYPERLINK("https://appmedia.jp/pando-land/78027227", "パー子")	SR	岩	遠	3	9.8〜9.4秒	攻撃,敵引き寄せ,攻撃力アップ,賢さアップ	572	369	499	369	499	572	2880
190	=HYPERLINK("https://appmedia.jp/pando-land/78046316", "コロ助")	SR	岩	中	4	9.7〜8.9秒	攻撃,気絶	599	455	536	649	486	455	3180
191	=HYPERLINK("https://appmedia.jp/pando-land/78027230", "リーム")	SR	草	近	5	7.3〜6.9秒	非攻撃,移動,状態異常解除,デバフ解除	466	591	383	501	466	473	2880
192	=HYPERLINK("https://appmedia.jp/pando-land/78046319", "佐倉魔美")	SR	岩	遠	5	9.8〜9.1秒	攻撃,移動速度アップ	632	486	473	536	473	582	3182
193	=HYPERLINK("https://appmedia.jp/pando-land/78027233", "ポコニャン")	SR	岩	近	4	11.8〜11.0秒	攻撃,ノックバック,攻撃力アップ,素早さアップ,開始後即使用可能	376	539	435	480	584	376	2790
194	=HYPERLINK("https://appmedia.jp/pando-land/78027236", "デンカ")	SR	草	遠	4	11.8〜11.3秒	攻撃,行動遅延,開始後即使用可能	535	490	415	370	445	625	2880
195	=HYPERLINK("https://appmedia.jp/pando-land/78027212", "のび太")	R	草	遠	3	9.8〜9.3秒	攻撃,睡眠	515	524	521	421	415	624	3020
196	=HYPERLINK("https://appmedia.jp/pando-land/78027239", "しずかちゃん")	R	草	遠	3	9.8〜9.3秒	非攻撃,HP回復,賢さアップ	573	319	428	428	618	409	2775
197	=HYPERLINK("https://appmedia.jp/pando-land/78027242", "ジャイアン")	R	草	近	5	14.7〜13.9秒	攻撃,移動,防御力ダウン	450	582	378	450	423	537	2820
198	=HYPERLINK("https://appmedia.jp/pando-land/78027245", "スネ夫")	R	草	近	2	9.8〜9.0秒	攻撃,移動,素早さアップ	371	401	368	581	503	371	2595
199	=HYPERLINK("https://appmedia.jp/pando-land/78027248", "ブービー")	R	岩	近	3	4.9〜4.5秒	攻撃,移動,調査ポイントアップ,開始後即使用可能	419	475	426	565	516	419	2820
200	=HYPERLINK("https://appmedia.jp/pando-land/78027218", "パーやん")	R	岩	近	3	9.8〜9.3秒	攻撃,防御力ダウン	397	522	641	447	591	522	3120
201	=HYPERLINK("https://appmedia.jp/pando-land/78027251", "キテレツ")	R	岩	遠	5	9.8〜9.3秒	非攻撃,攻撃力アップ,運アップ,HP回復	408	377	446	422	671	498	2822
202	=HYPERLINK("https://appmedia.jp/pando-land/78027221", "並平凡")	R	草	近	3	9.8〜9.2秒	攻撃,気絶	507	584	469	457	419	684	3120
203	=HYPERLINK("https://appmedia.jp/pando-land/78027257", "コンポコ")	R	岩	近	2	9.8〜9.0秒	攻撃,攻撃力アップ	411	582	418	627	418	366	2822
204	=HYPERLINK("https://appmedia.jp/pando-land/78027254", "チンプイ")	R	岩	遠	3	9.8〜9.3秒	攻撃,敵引き寄せ,防御力ダウン	433	364	479	409	524	478	2687
205	=HYPERLINK("https://appmedia.jp/pando-land/78027224", "エリ")	R	岩	中	4	19.6〜18.4秒	非攻撃,HP回復	625	486	450	486	450	625	3122
206	=HYPERLINK("https://appmedia.jp/pando-land/78028547", "モンガー")	R	草	近	3	14.8〜14.1秒	非攻撃,防御力アップ,攻撃引き受け	363	377	625	363	467	535	2730
207	=HYPERLINK("https://appmedia.jp/pando-land/78027260", "ゴンスケ")	R	草	近	4	9.8〜9.4秒	攻撃	464	366	580	374	490	366	2640
208	=HYPERLINK("https://appmedia.jp/pando-land/78027263", "フニャコフニャ夫")	R	岩	近	3	7.3〜6.8秒	攻撃,移動	581	412	417	581	457	372	2820
209	=HYPERLINK("https://appmedia.jp/pando-land/78027266", "モジャラ")	R	草	近	3	14.7〜13.5秒	攻撃,通常攻撃頻度アップ,攻撃力アップ	418	582	410	582	500	328	2820
210	=HYPERLINK("https://appmedia.jp/pando-land/78027269", "探検家のドラえもん")	R	草	中	4	9.8〜9.4秒	攻撃,移動,調査ポイントアップ	445	363	331	376	625	453	2593
211	=HYPERLINK("https://appmedia.jp/pando-land/78028718", "ティラノサウルス")	UC	草	近	1	7.4〜6.8秒	攻撃	351	615	415	525	351	415	2672
212	=HYPERLINK("https://appmedia.jp/pando-land/78028721", "プテラノドン")	UC	草	近	3	4.9〜4.5秒	攻撃,移動,攻撃力アップ	393	463	434	598	348	434	2670
213	=HYPERLINK("https://appmedia.jp/pando-land/78028724", "トリケラトプス")	UC	草	近	5	14.8〜14.2秒	非攻撃,攻撃引き受け,防御力アップ	410	352	617	307	527	455	2668
214	=HYPERLINK("https://appmedia.jp/pando-land/78028727", "悪党ガンマン")	UC	岩	遠	3	2.9〜2.7秒	攻撃	459	572	349	527	504	349	2760
215	=HYPERLINK("https://appmedia.jp/pando-land/78028730", "騎馬ガンマン")	UC	岩	遠	2	9.8〜9.0秒	攻撃	467	512	402	602	312	377	2672
216	=HYPERLINK("https://appmedia.jp/pando-land/78028733", "巨漢ガンマン")	UC	岩	遠	3	7.4〜7.2秒	攻撃	509	307	564	262	464	564	2670
217	=HYPERLINK("https://appmedia.jp/pando-land/78028736", "砂漠の剣士")	UC	光	中	4	9.8〜9.1秒	攻撃	432	597	261	552	351	477	2670
218	=HYPERLINK("https://appmedia.jp/pando-land/78028739", "ランプの魔神")	UC	光	遠	3	9.9〜9.5秒	攻撃	568	445	367	322	445	613	2760
219	=HYPERLINK("https://appmedia.jp/pando-land/78028802", "砂漠の踊り子")	UC	光	近	4	9.8〜9.1秒	非攻撃,攻撃力アップ	564	306	375	519	510	486	2760
220	=HYPERLINK("https://appmedia.jp/pando-land/78028814", "ラクダ")	UC	光	近	2	9.9〜9.6秒	非攻撃,防御力アップ,HP回復	657	264	459	264	522	504	2670
221	=HYPERLINK("https://appmedia.jp/pando-land/78086504", "酒呑☆DOJI")	SR	闇	中	5	7.9〜7.4秒	攻撃,攻撃力アップ,HP回復	627	464	700	427	414	500	3132
222	=HYPERLINK("https://appmedia.jp/pando-land/78077495", "レディ・スノウ")	SR	闇	遠	4	9.8〜9.4秒	攻撃,防御力ダウン,素早さダウン,攻撃速度ダウン	595	358	487	358	645	587	3030
223	=HYPERLINK("https://appmedia.jp/pando-land/78079025", "フィクサー・N")	SR	闇	中	5	11.7〜10.7秒	非攻撃,バフ解除	478	496	376	631	478	331	2790
224	=HYPERLINK("https://appmedia.jp/pando-land/78077498", "テマリちゃん")	SR	闇	遠	1	14.7〜13.6秒	非攻撃,運アップ,攻撃力アップ,開始後即使用可能	488	290	482	578	380	662	2880
225	=HYPERLINK("https://appmedia.jp/pando-land/78077501", "ぬりかべDOG")	R	闇	近	1	9.8〜9.4秒	攻撃,攻撃力ダウン	324	473	613	383	324	568	2685
226	=HYPERLINK("https://appmedia.jp/pando-land/78077504", "有頂天狗")	R	闇	遠	4	11.7〜10.8秒	攻撃,攻撃力アップ,敵引き寄せ	538	285	453	583	285	543	2687
227	=HYPERLINK("https://appmedia.jp/pando-land/78077507", "満たされた人")	R	闇	遠	5	9.9〜9.4秒	攻撃,HP回復	546	419	595	346	369	754	3029
228	=HYPERLINK("https://appmedia.jp/pando-land/78077510", "陽気な鬼将軍")	R	闇	近	4	9.9〜9.4秒	攻撃,移動,HP回復	375	364	580	364	375	625	2683
229	=HYPERLINK("https://appmedia.jp/pando-land/78078107", "アゲアゲドクロ")	UC	闇	中	3	9.8〜9.1秒	攻撃,攻撃力アップ,HP回復	466	561	353	511	308	561	2760
230	=HYPERLINK("https://appmedia.jp/pando-land/78078131", "ノリノリなカッパ")	UC	闇	近	3	4.9〜4.6秒	攻撃	479	462	394	524	304	552	2715
231	=HYPERLINK("https://appmedia.jp/pando-land/78078134", "忍んでいない者")	UC	闇	遠	2	9.8〜9.1秒	攻撃,攻撃力アップ,調査ポイントアップ	464	472	309	562	419	399	2625
232	=HYPERLINK("https://appmedia.jp/pando-land/78078137", "悪ノリ槍使い")	UC	闇	中	3	9.9〜9.4秒	非攻撃,攻撃力アップ,素早さアップ	303	562	470	380	348	562	2625
233	=HYPERLINK("https://appmedia.jp/pando-land/78078140", "ノリきれない弓使い")	UC	闇	遠	1	9.8〜9.1秒	非攻撃,防御力アップ,運アップ	517	617	396	567	346	467	2910
234	=HYPERLINK("https://appmedia.jp/pando-land/78078143", "はしゃいだ小鬼")	C	闇	近	3	6.9〜6.4秒	攻撃,攻撃力アップ,移動	352	500	408	498	307	545	2610
235	=HYPERLINK("https://appmedia.jp/pando-land/78090443", "ホシオくん")	SR	闇	遠	3	11.8〜11.0秒	非攻撃,攻撃力アップ,防御力アップ	386	390	394	484	431	570	2655
236	=HYPERLINK("https://appmedia.jp/pando-land/78098360", "ネコ（クロ）")	UC	草	近	5	12.7〜11.4秒	攻撃,開始後即使用可能	216	479	235	749	640	351	2670
237	=HYPERLINK("https://appmedia.jp/pando-land/78098363", "ネコ（ハチワレ）")	UC	草	近	5	12.7〜11.5秒	攻撃,開始後即使用可能	259	520	331	700	466	394	2670
238	=HYPERLINK("https://appmedia.jp/pando-land/78098789", "ネコ（ミケ）")	UC	草	近	5	12.8〜12.0秒	攻撃,開始後即使用可能	233	479	308	458	659	533	2670
239	=HYPERLINK("https://appmedia.jp/pando-land/78098369", "ネコ（サバトラ）")	UC	草	近	5	12.7〜11.7秒	攻撃,開始後即使用可能	321	601	278	601	413	456	2670
240	=HYPERLINK("https://appmedia.jp/pando-land/78098372", "ネコ（チャトラ）")	UC	草	近	5	12.7〜11.8秒	攻撃,開始後即使用可能	304	429	422	564	557	394	2670
241	=HYPERLINK("https://appmedia.jp/pando-land/78111440", "初音ミク")	SR	草	中	5	7.4〜7.0秒	攻撃,HP回復	466	643	481	366	531	693	3180
242	=HYPERLINK("https://appmedia.jp/pando-land/78111443", "鏡音リン")	SR	草	遠	4	11.7〜10.7秒	非攻撃,攻撃力アップ,防御力アップ,特技封印状態耐性アップ	641	490	460	641	410	540	3182
243	=HYPERLINK("https://appmedia.jp/pando-land/78111446", "鏡音レン")	R	草	遠	3	7.4〜6.9秒	攻撃	536	348	626	536	448	626	3120
244	=HYPERLINK("https://appmedia.jp/pando-land/78111449", "巡音ルカ")	R	草	近	4	9.8〜9.4秒	攻撃	521	473	442	390	620	437	2883
245	=HYPERLINK("https://appmedia.jp/pando-land/78111452", "KAITO MM24")	R	草	近	3	14.7〜13.8秒	攻撃,防御力アップ	438	433	573	485	432	534	2895
246	=HYPERLINK("https://appmedia.jp/pando-land/78111467", "MEIKO MM24")	R	草	遠	5	9.8〜9.2秒	攻撃,攻撃力アップ,防御力アップ	569	468	395	480	425	527	2864
247	=HYPERLINK("https://appmedia.jp/pando-land/78126275", "初音ミク MM24")	SR	草	中	5	9.7〜8.8秒	攻撃,攻撃力アップ,素早さアップ,開始後即使用可能	467	547	476	697	526	467	3180
248	=HYPERLINK("https://appmedia.jp/pando-land/78111650", "鏡音レン MM24")	SR	草	近	4	11.7〜10.9秒	攻撃,気絶	371	529	496	529	496	371	2792
249	=HYPERLINK("https://appmedia.jp/pando-land/78111656", "鏡音リン MM24")	SR	草	遠	4	11.7〜10.8秒	非攻撃,HP回復,攻撃力アップ	499	432	419	589	477	464	2880
250	=HYPERLINK("https://appmedia.jp/pando-land/78111662", "巡音ルカ MM24")	SR	草	遠	4	7.9〜7.4秒	攻撃,特技封印状態	587	439	414	439	587	414	2880
251	=HYPERLINK("https://appmedia.jp/pando-land/78149288", "ストームドラゴン")	R	光	遠	2	11.7〜10.9秒	攻撃,敵引き寄せ	560	289	560	560	425	424	2818
252	=HYPERLINK("https://appmedia.jp/pando-land/78149330", "ボルトドラゴン")	R	光	遠	2	11.7〜10.6秒	攻撃	374	664	372	709	372	329	2820
253	=HYPERLINK("https://appmedia.jp/pando-land/78156002", "アンバー")	SR	光	中	5	9.8〜9.3秒	攻撃,運アップ,調査ポイントアップ,気絶状態耐性アップ	428	469	693	419	428	743	3180
254	=HYPERLINK("https://appmedia.jp/pando-land/78156008", "ジル")	SR	光	近	1	4.9〜4.4秒	攻撃,移動,バフ解除,攻撃力アップ	531	643	417	693	531	367	3182
255	=HYPERLINK("https://appmedia.jp/pando-land/78156011", "ジュエラー・ピッグ")	SR	光	近	3	16.7〜16.0秒	非攻撃,運アップ,気絶	535	409	646	359	535	696	3180
256	=HYPERLINK("https://appmedia.jp/pando-land/78156014", "掘削ロボ")	R	光	近	3	14.7〜13.7秒	攻撃,移動	352	514	694	514	644	402	3120
257	=HYPERLINK("https://appmedia.jp/pando-land/78156017", "強欲な保安官")	R	光	近	1	9.8〜9.0秒	攻撃,移動	412	624	524	624	412	524	3120
258	=HYPERLINK("https://appmedia.jp/pando-land/78156020", "欲張りな戦士")	R	光	近	1	14.7〜13.5秒	攻撃,移動,開始後即使用可能	353	632	575	582	303	525	2970
259	=HYPERLINK("https://appmedia.jp/pando-land/78156023", "鉱山の男")	UC	光	中	3	7.8〜7.3秒	攻撃,攻撃力アップ,防御力アップ,素早さアップ,賢さアップ,運アップ	497	626	407	526	497	507	3060
260	=HYPERLINK("https://appmedia.jp/pando-land/78156026", "炭鉱のおじいさん")	UC	光	中	5	9.8〜9.3秒	攻撃,HP回復	524	517	339	424	389	617	2810
261	=HYPERLINK("https://appmedia.jp/pando-land/78156029", "無欲のハニワ")	UC	光	中	4	9.8〜9.0秒	攻撃,移動	387	467	627	627	387	567	3062
262	=HYPERLINK("https://appmedia.jp/pando-land/78187031", "ウルトラマンティガ")	SR	火	遠	5	6.8〜6.2秒	攻撃,開始後即使用可能,調査ポイントアップ	543	583	464	683	414	493	3180
263	=HYPERLINK("https://appmedia.jp/pando-land/78186896", "ウルトラマンアーク")	SR	火	遠	3	7.9〜7.4秒	攻撃,防御力アップ,攻撃力アップ,素早さアップ	423	585	433	433	423	585	2882
264	=HYPERLINK("https://appmedia.jp/pando-land/78187025", "ウルトラセブン")	SR	火	近	4	7.9〜7.4秒	攻撃,HP回復,気絶	589	477	524	427	689	474	3180
265	=HYPERLINK("https://appmedia.jp/pando-land/78186968", "エレキング")	R	火	中	3	7.9〜7.5秒	攻撃,気絶	489	372	279	369	417	534	2460
266	=HYPERLINK("https://appmedia.jp/pando-land/78186893", "ウルトラマン")	SR	火	近	5	6.9〜6.4秒	攻撃	427	484	439	484	574	472	2880
267	=HYPERLINK("https://appmedia.jp/pando-land/78186890", "Ultraman")	SR	火	中	4	6.8〜6.3秒	攻撃,開始後即使用可能	531	643	417	693	531	367	3182
268	=HYPERLINK("https://appmedia.jp/pando-land/78186887", "ピグモン")	R	火	近	2	11.7〜10.6秒	非攻撃,防御力アップ,気絶状態耐性アップ,HP回復	468	361	580	680	518	511	3118
269	=HYPERLINK("https://appmedia.jp/pando-land/78186884", "ダダ")	R	火	遠	3	4.9〜4.5秒	非攻撃,移動,防御力ダウン,賢さダウン	481	276	383	563	661	411	2775
270	=HYPERLINK("https://appmedia.jp/pando-land/78202850", "ゼットン")	R	火	近	2	9.8〜9.1秒	攻撃	372	606	387	516	477	462	2820
271	=HYPERLINK("https://appmedia.jp/pando-land/78194708", "ミーア")	SR	闇	近	4	11.7〜10.6秒	攻撃,開始後即使用可能	548	485	457	698	635	357	3180
272	=HYPERLINK("https://appmedia.jp/pando-land/78209876", "ウルトラマンゼロ")	SR	火	中	5	6.4〜5.9秒	攻撃,デバフ解除	524	741	425	541	425	524	3180
273	=HYPERLINK("https://appmedia.jp/pando-land/78209873", "ウルトラマンベリアル")	SR	火	遠	5	11.8〜11.2秒	攻撃,攻撃力ダウン	444	618	333	399	573	378	2745
274	=HYPERLINK("https://appmedia.jp/pando-land/78240800", "エリザ")	SR	闇	遠	5	6.8〜6.4秒	攻撃,HP回復	463	426	552	526	652	563	3182
275	=HYPERLINK("https://appmedia.jp/pando-land/78240803", "チウチウ")	SR	闇	近	4	4.8〜4.5秒	攻撃,特技封印状態,防御力ダウン	463	544	433	589	388	463	2880
276	=HYPERLINK("https://appmedia.jp/pando-land/78240806", "フランケンシュタイン")	R	闇	近	4	19.6〜18.4秒	非攻撃,攻撃力ダウン,攻撃引き受け,特技封印状態耐性アップ	651	284	474	474	374	561	2818
277	=HYPERLINK("https://appmedia.jp/pando-land/78240809", "キャンディホラーマン")	UC	草	近	2	7.9〜7.4秒	攻撃,攻撃力アップ,素早さアップ,賢さアップ	508	467	406	467	508	406	2762
278	=HYPERLINK("https://appmedia.jp/pando-land/78240812", "キャンディウルフ")	UC	闇	近	2	7.8〜7.3秒	攻撃,攻撃力アップ,素早さアップ,賢さアップ	463	314	603	558	359	463	2760
279	=HYPERLINK("https://appmedia.jp/pando-land/78240818", "キャンディゾンビボーイ")	C	光	近	2	7.8〜7.3秒	攻撃,攻撃力アップ,素早さアップ,賢さアップ	450	506	394	506	394	450	2700
280	=HYPERLINK("https://appmedia.jp/pando-land/78240821", "キャンディゾンビガール")	C	草	中	2	7.9〜7.4秒	攻撃,攻撃力アップ,素早さアップ,賢さアップ	388	509	453	453	388	509	2700
281	=HYPERLINK("https://appmedia.jp/pando-land/78240824", "キャンディピエロ")	R	闇	遠	2	11.7〜10.9秒	攻撃,賢さダウン	525	623	413	573	463	525	3122
282	=HYPERLINK("https://appmedia.jp/pando-land/78240827", "イッチ")	UC	闇	遠	2	14.7〜13.6秒	攻撃	361	567	451	456	361	451	2647
283	=HYPERLINK("https://appmedia.jp/pando-land/78240830", "ニッチ")	UC	闇	遠	2	14.7〜13.7秒	攻撃,防御力ダウン	458	527	395	527	458	395	2760
284	=HYPERLINK("https://appmedia.jp/pando-land/78272687", "コスモ・トレック")	SR	草	近	4	11.7〜10.6秒	攻撃,素早さアップ	668	539	435	708	377	533	3260
285	=HYPERLINK("https://appmedia.jp/pando-land/78272798", "エイル")	SR	草	中	5	11.8〜11.1秒	攻撃,攻撃力アップ,運アップ,HP回復,開始後即使用可能	488	545	599	443	436	688	3199
286	=HYPERLINK("https://appmedia.jp/pando-land/78272804", "スターゴーレム")	SR	草	近	2	4.9〜4.6秒	攻撃,防御力アップ	357	490	625	452	453	437	2814
287	=HYPERLINK("https://appmedia.jp/pando-land/78272822", "謎の天文学者")	R	草	遠	4	14.8〜14.2秒	非攻撃,攻撃力アップ,運アップ,敵引き寄せ	523	496	432	338	623	492	2904
288	=HYPERLINK("https://appmedia.jp/pando-land/78272828", "星に魅入られた魔術師")	R	草	遠	3	9.9〜9.4秒	攻撃	479	434	438	333	478	636	2798
289	=HYPERLINK("https://appmedia.jp/pando-land/78272834", "スターインベーダー")	UC	草	遠	5	8.9〜8.5秒	攻撃,気絶	484	574	357	358	526	514	2813
290	=HYPERLINK("https://appmedia.jp/pando-land/78272840", "星を集めるフェアリー")	R	草	遠	4	9.8〜9.1秒	非攻撃,HP回復,毒解除	539	422	416	537	437	741	3092
291	=HYPERLINK("https://appmedia.jp/pando-land/78272852", "星を集める女")	UC	草	近	3	11.8〜11.3秒	非攻撃,防御力バフ解除	471	404	527	368	473	576	2819
292	=HYPERLINK("https://appmedia.jp/pando-land/78272810", "呪われた青年")	SR	草	遠	1	9.7〜8.9秒	攻撃,毒	410	689	441	639	541	410	3130
293	=HYPERLINK("https://appmedia.jp/pando-land/78283481", "ステラ・アストルム")	SR	草	遠	4	14.7〜13.8秒	攻撃,防御力バフ解除,防御力ダウン	637	483	470	483	637	470	3180
294	=HYPERLINK("https://appmedia.jp/pando-land/78289169", "サソリ")	C	水	近	3	9.8〜9.0秒	攻撃,毒	619	544	287	619	337	494	2900
295	=HYPERLINK("https://appmedia.jp/pando-land/78289265", "ミミック")	UC	闇	近	3	4.9〜4.7秒	攻撃,素早さダウン	514	563	453	403	514	613	3060
296	=HYPERLINK("https://appmedia.jp/pando-land/78289274", "ウサギ")	C	水	近	5	6.9〜6.4秒	非攻撃,HP回復,運アップ,攻撃力アップ,防御力アップ	505	392	453	553	292	655	2850
297	=HYPERLINK("https://appmedia.jp/pando-land/78289283", "ワニ")	C	水	近	4	4.9〜4.5秒	攻撃,素早さダウン	342	625	533	575	442	483	3000
298	=HYPERLINK("https://appmedia.jp/pando-land/78289856", "アヌビス")	R	光	中	4	9.8〜9.3秒	攻撃,特技封印状態	409	692	459	409	642	509	3120
299	=HYPERLINK("https://appmedia.jp/pando-land/78289847", "ホルス")	R	光	遠	3	12.7〜11.6秒	攻撃,HP回復	632	476	453	632	403	526	3122
300	=HYPERLINK("https://appmedia.jp/pando-land/78289838", "クヌム")	R	光	遠	4	11.8〜11.0秒	攻撃,敵引き寄せ,防御力ダウン	643	462	545	512	643	404	3209
301	=HYPERLINK("https://appmedia.jp/pando-land/78289829", "メジェド")	R	光	中	4	8.3〜7.8秒	攻撃,移動	404	638	519	519	404	638	3122
302	=HYPERLINK("https://appmedia.jp/pando-land/78289865", "マンモス")	R	水	近	1	7.4〜7.0秒	攻撃,移動,気絶	687	299	574	399	587	574	3120
303	=HYPERLINK("https://appmedia.jp/pando-land/78289820", "イエティ")	R	水	近	1	9.8〜9.3秒	攻撃,移動,気絶	573	627	360	423	310	577	2870
304	=HYPERLINK("https://appmedia.jp/pando-land/78291020", "ツタンカーメン")	SR	水	中	5	6.9〜6.5秒	攻撃	358	689	544	408	639	544	3182
305	=HYPERLINK("https://appmedia.jp/pando-land/78291044", "クレオパトラ")	SR	水	遠	5	9.8〜9.3秒	攻撃,HP回復,気絶状態耐性アップ,開始後即使用可能	637	410	543	410	543	637	3180
306	=HYPERLINK("https://appmedia.jp/pando-land/78289157", "ユキ")	SR	水	中	5	7.3〜6.8秒	攻撃,調査ポイントアップ,移動	540	359	491	541	509	740	3180
307	=HYPERLINK("https://appmedia.jp/pando-land/78290024", "モーグ")	SR	水	近	1	9.8〜9.3秒	攻撃,攻撃力アップ,防御力アップ	357	696	587	437	307	646	3030
308	=HYPERLINK("https://appmedia.jp/pando-land/78289160", "アビール")	SR	水	中	4	6.8〜6.3秒	攻撃,攻撃力ダウン,防御力ダウン,賢さダウン	544	637	409	637	594	359	3180
309	=HYPERLINK("https://appmedia.jp/pando-land/78289163", "サーシャ")	SR	水	近	4	13.8〜13.3秒	非攻撃,攻撃引き受け,HP回復,開始後即使用可能,防御力アップ	406	631	703	306	553	481	3080
310	=HYPERLINK("https://appmedia.jp/pando-land/78289166", "武装クロコダイル")	R	水	中	3	9.8〜9.2秒	攻撃	357	569	633	457	583	519	3118
311	=HYPERLINK("https://appmedia.jp/pando-land/78289322", "ガイコツ")	UC	闇	近	3	4.9〜4.6秒	攻撃	663	526	341	463	476	441	2910
312	=HYPERLINK("https://appmedia.jp/pando-land/78290090", "極地探検家")	R	水	近	3	7.8〜7.3秒	攻撃,攻撃力アップ,防御力アップ,素早さアップ,賢さアップ,運アップ	520	358	682	520	632	408	3120
313	=HYPERLINK("https://appmedia.jp/pando-land/78289304", "荒ぶるクロコダイル")	UC	闇	近	3	14.7〜13.8秒	攻撃,攻撃引き受け,攻撃力ダウン	358	634	488	488	308	584	2860
314	=HYPERLINK("https://appmedia.jp/pando-land/78341108", "星馬烈")	SR	岩	中	5	11.7〜10.8秒	攻撃,防御力アップ,素早さアップ,開始後即使用可能	637	530	424	587	474	530	3182
315	=HYPERLINK("https://appmedia.jp/pando-land/78354125", "星馬豪")	SR	岩	近	4	7.8〜7.0秒	攻撃	469	640	481	740	369	481	3180
316	=HYPERLINK("https://appmedia.jp/pando-land/78341180", "鷹羽リョウ")	SR	岩	遠	4	6.8〜6.2秒	攻撃,調査ポイントアップ	428	522	460	690	378	522	3000
317	=HYPERLINK("https://appmedia.jp/pando-land/78341126", "J")	SR	岩	遠	4	9.8〜9.4秒	攻撃,HP回復,防御力アップ,素早さアップ	493	324	624	369	493	579	2882
318	=HYPERLINK("https://appmedia.jp/pando-land/78341114", "三国藤吉")	SR	岩	近	4	9.8〜9.3秒	攻撃,気絶	628	424	388	424	628	388	2880
319	=HYPERLINK("https://appmedia.jp/pando-land/78341117", "佐上ジュン")	R	岩	遠	3	12.8〜12.1秒	非攻撃,HP回復	564	317	439	407	519	484	2730
320	=HYPERLINK("https://appmedia.jp/pando-land/78341120", "鷹羽二郎丸")	R	岩	近	3	7.8〜7.1秒	攻撃	428	684	348	684	348	478	2970
321	=HYPERLINK("https://appmedia.jp/pando-land/78341123", "ミニ四ファイター")	R	岩	中	5	8.8〜8.3秒	非攻撃,攻撃力アップ,素早さアップ	376	521	513	468	331	611	2820
322	=HYPERLINK("https://appmedia.jp/pando-land/78348794", "コット")	SR	水	近	4	6.8〜6.4秒	攻撃,攻撃力アップ	467	634	489	534	539	517	3180
323	=HYPERLINK("https://appmedia.jp/pando-land/78343583", "海洋探検家")	R	草	近	5	5.9〜5.6秒	攻撃	623	313	474	384	488	358	2640
324	=HYPERLINK("https://appmedia.jp/pando-land/78392381", "パパナ")	SR	水	近	5	14.7〜14.0秒	攻撃	406	301	313	411	871	400	2702
325	=HYPERLINK("https://appmedia.jp/pando-land/78392444", "マーシュ")	SR	水	中	4	14.8〜14.2秒	非攻撃,HP継続回復,運アップ,防御力アップ	681	266	572	303	495	398	2715
326	=HYPERLINK("https://appmedia.jp/pando-land/78392474", "RB-3TA")	SR	水	近	4	8.3〜7.7秒	攻撃,移動	394	588	435	588	357	367	2729
327	=HYPERLINK("https://appmedia.jp/pando-land/78392501", "祝杯の探検家")	R	光	近	3	11.8〜11.2秒	攻撃	352	389	369	352	839	819	3120
328	=HYPERLINK("https://appmedia.jp/pando-land/78392507", "ラビット星人")	R	岩	遠	3	14.8〜14.1秒	攻撃,移動,攻撃力ダウン,開始後即使用可能	861	333	739	357	347	244	2881
329	=HYPERLINK("https://appmedia.jp/pando-land/78428207", "雷光")	SR	光	中	4	9.8〜9.2秒	攻撃,気絶	371	623	492	492	371	578	2927
330	=HYPERLINK("https://appmedia.jp/pando-land/78428210", "キクヒメ")	SR	光	中	5	14.6〜13.4秒	攻撃,攻撃引き受け,HP回復,開始後即使用可能	493	410	737	637	493	460	3230
331	=HYPERLINK("https://appmedia.jp/pando-land/78428213", "大黒天")	SR	火	近	5	14.8〜14.3秒	攻撃,運アップ	464	525	601	264	701	675	3230
332	=HYPERLINK("https://appmedia.jp/pando-land/78428216", "イナホヒメ")	SR	光	中	4	4.9〜4.4秒	攻撃,攻撃力アップ,防御力アップ,運アップ,気絶状態耐性アップ,開始後即使用可能	542	327	571	661	327	497	2925
333	=HYPERLINK("https://appmedia.jp/pando-land/78428219", "巫女")	R	光	中	3	9.8〜9.1秒	攻撃,移動,開始後即使用可能	470	626	314	536	359	515	2820
334	=HYPERLINK("https://appmedia.jp/pando-land/78428222", "獅子舞")	UC	光	近	5	4.9〜4.6秒	攻撃,攻撃力アップ	358	420	602	465	358	557	2760
335	=HYPERLINK("https://appmedia.jp/pando-land/78428225", "羽根つき大好き役者")	R	光	中	4	4.9〜4.6秒	攻撃,素早さダウン	324	507	580	462	414	535	2822
336	=HYPERLINK("https://appmedia.jp/pando-land/78428228", "おめでたい者")	UC	光	遠	2	9.8〜9.1秒	攻撃,敵引き寄せ	461	563	357	563	461	357	2762
337	=HYPERLINK("https://appmedia.jp/pando-land/78428231", "幸運を求める男")	UC	光	近	2	14.7〜13.7秒	攻撃,運ダウン,運アップ	600	324	455	510	414	455	2758
338	=HYPERLINK("https://appmedia.jp/pando-land/78428234", "羽子板を持つ侍")	R	光	中	4	9.9〜9.4秒	攻撃,移動,気絶	371	623	492	492	371	578	2927
